Nombre,Etiqueta
10,FakeCluster
21,FakeCluster
31,RealCluster
34,RealCluster
36,FakeCluster
45,FakeCluster
51,RealCluster
52,RealCluster
63,RealCluster
67,RealCluster
78,FakeCluster
82,FakeCluster
109,FakeCluster
115,FakeCluster
121,FakeCluster
128,RealCluster
133,RealCluster
140,FakeCluster
143,RealCluster
164,RealCluster
169,FakeCluster
182,RealCluster
187,FakeCluster
191,FakeCluster
207,FakeCluster
240,RealCluster
254,RealCluster
258,FakeCluster
264,RealCluster
271,FakeCluster
282,FakeCluster
306,FakeCluster
345,FakeCluster
347,RealCluster
352,FakeCluster
358,RealCluster
365,RealCluster
390,FakeCluster
393,FakeCluster
401,FakeCluster
413,RealCluster
420,RealCluster
432,FakeCluster
437,FakeCluster
447,FakeCluster
449,RealCluster
458,RealCluster
470,RealCluster
471,RealCluster
521,RealCluster
539,RealCluster
567,RealCluster
568,FakeCluster
584,FakeCluster
606,FakeCluster
614,FakeCluster
620,RealCluster
621,FakeCluster
625,RealCluster
637,RealCluster
648,RealCluster
656,FakeCluster
657,RealCluster
659,RealCluster
679,RealCluster
686,RealCluster
697,FakeCluster
702,FakeCluster
715,FakeCluster
718,FakeCluster
728,FakeCluster
730,RealCluster
740,FakeCluster
743,RealCluster
749,FakeCluster
762,FakeCluster
786,FakeCluster
789,FakeCluster
801,FakeCluster
818,FakeCluster
822,FakeCluster
830,FakeCluster
833,RealCluster
834,RealCluster
835,FakeCluster
837,RealCluster
840,RealCluster
848,RealCluster
895,RealCluster
917,RealCluster
921,FakeCluster
940,RealCluster
946,FakeCluster
948,RealCluster
960,RealCluster
963,RealCluster
972,FakeCluster
973,FakeCluster
976,FakeCluster
996,FakeCluster
998,RealCluster
1002,RealCluster
1008,RealCluster
1024,FakeCluster
1031,FakeCluster
1067,FakeCluster
1068,FakeCluster
1076,RealCluster
1079,FakeCluster
1087,RealCluster
1088,RealCluster
1101,FakeCluster
1105,RealCluster
1110,RealCluster
1112,RealCluster
1117,RealCluster
1163,FakeCluster
1168,RealCluster
1172,FakeCluster
1183,RealCluster
1184,RealCluster
1223,FakeCluster
1243,RealCluster
1257,FakeCluster
1260,RealCluster
1262,FakeCluster
1307,FakeCluster
1329,FakeCluster
1354,FakeCluster
1362,RealCluster
1373,FakeCluster
1380,RealCluster
1402,RealCluster
1413,RealCluster
1430,FakeCluster
1445,RealCluster
1467,RealCluster
1474,RealCluster
1483,FakeCluster
1487,FakeCluster
1494,RealCluster
1515,RealCluster
1523,FakeCluster
1525,FakeCluster
1544,RealCluster
1549,RealCluster
1551,FakeCluster
1565,RealCluster
1566,RealCluster
1568,RealCluster
1569,FakeCluster
1580,RealCluster
1594,RealCluster
1596,RealCluster
1598,RealCluster
1609,RealCluster
1651,RealCluster
1657,RealCluster
1662,FakeCluster
1675,RealCluster
1687,FakeCluster
1694,RealCluster
1698,RealCluster
1704,FakeCluster
1705,FakeCluster
1718,FakeCluster
1756,RealCluster
1760,FakeCluster
1764,FakeCluster
1787,RealCluster
1825,FakeCluster
1830,RealCluster
1838,RealCluster
1870,RealCluster
1881,RealCluster
1897,RealCluster
1916,RealCluster
1928,FakeCluster
1933,FakeCluster
1946,RealCluster
1973,FakeCluster
2004,RealCluster
2011,FakeCluster
2019,FakeCluster
2056,RealCluster
2057,FakeCluster
2065,RealCluster
2069,FakeCluster
2096,FakeCluster
2129,RealCluster
2143,RealCluster
2149,RealCluster
2155,RealCluster
2160,FakeCluster
2180,FakeCluster
2196,FakeCluster
2207,FakeCluster
2214,FakeCluster
2226,FakeCluster
2238,FakeCluster
2246,RealCluster
2260,RealCluster
2272,RealCluster
2278,FakeCluster
2313,RealCluster
2322,RealCluster
2330,FakeCluster
2335,FakeCluster
2350,RealCluster
2360,FakeCluster
2371,RealCluster
2393,FakeCluster
2399,RealCluster
2405,RealCluster
2427,RealCluster
2429,RealCluster
2453,FakeCluster
2471,RealCluster
2499,RealCluster
2502,FakeCluster
2527,RealCluster
2533,FakeCluster
2562,RealCluster
2578,RealCluster
2582,FakeCluster
2591,RealCluster
2593,FakeCluster
2596,RealCluster
2601,FakeCluster
2613,RealCluster
2615,FakeCluster
2633,RealCluster
2660,RealCluster
2674,RealCluster
2699,FakeCluster
2723,RealCluster
2730,FakeCluster
2734,RealCluster
2737,FakeCluster
2738,FakeCluster
2755,FakeCluster
2833,RealCluster
2846,RealCluster
2849,RealCluster
2866,FakeCluster
2872,FakeCluster
2876,RealCluster
2878,FakeCluster
2891,RealCluster
2908,FakeCluster
2915,FakeCluster
2920,FakeCluster
2934,FakeCluster
2950,FakeCluster
2972,RealCluster
2986,RealCluster
3009,RealCluster
3027,FakeCluster
3028,FakeCluster
3029,RealCluster
3051,FakeCluster
3065,RealCluster
3091,RealCluster
3110,FakeCluster
3132,FakeCluster
3137,RealCluster
3150,RealCluster
3152,FakeCluster
3167,FakeCluster
3175,FakeCluster
3179,FakeCluster
3200,RealCluster
3203,RealCluster
3212,FakeCluster
3217,RealCluster
3306,FakeCluster
3309,RealCluster
3329,FakeCluster
3332,RealCluster
3333,FakeCluster
3356,FakeCluster
3357,FakeCluster
3362,RealCluster
3383,RealCluster
3393,RealCluster
3404,FakeCluster
3408,RealCluster
3443,RealCluster
3457,FakeCluster
3458,FakeCluster
3474,RealCluster
3500,FakeCluster
3507,FakeCluster
3519,FakeCluster
3533,FakeCluster
3549,FakeCluster
3553,RealCluster
3554,RealCluster
3571,FakeCluster
3577,FakeCluster
3592,RealCluster
3603,RealCluster
3613,FakeCluster
3639,RealCluster
3648,RealCluster
3665,FakeCluster
3670,RealCluster
3671,FakeCluster
3710,FakeCluster
3716,RealCluster
3717,RealCluster
3728,RealCluster
3753,RealCluster
3778,FakeCluster
3790,FakeCluster
3792,RealCluster
3802,RealCluster
3845,RealCluster
3856,RealCluster
3857,FakeCluster
3874,FakeCluster
3887,FakeCluster
3893,FakeCluster
3915,FakeCluster
3933,FakeCluster
3937,RealCluster
3986,FakeCluster
4010,RealCluster
4014,RealCluster
4019,FakeCluster
4047,RealCluster
4064,RealCluster
4078,RealCluster
4083,RealCluster
4084,RealCluster
4086,FakeCluster
4102,FakeCluster
4123,RealCluster
4131,FakeCluster
4186,RealCluster
4214,RealCluster
4228,RealCluster
4229,RealCluster
4237,FakeCluster
4251,FakeCluster
4269,FakeCluster
4276,FakeCluster
4303,FakeCluster
4368,FakeCluster
4369,RealCluster
4378,RealCluster
4417,RealCluster
4418,RealCluster
4421,FakeCluster
4431,RealCluster
4460,FakeCluster
4461,RealCluster
4465,FakeCluster
4472,FakeCluster
4476,FakeCluster
4489,FakeCluster
4501,RealCluster
4520,RealCluster
4532,RealCluster
4534,FakeCluster
4548,FakeCluster
4558,FakeCluster
4573,FakeCluster
4587,RealCluster
4596,RealCluster
4615,RealCluster
4617,FakeCluster
4631,RealCluster
4634,FakeCluster
4637,FakeCluster
4646,RealCluster
4650,FakeCluster
4653,RealCluster
4667,RealCluster
4677,FakeCluster
4702,FakeCluster
4705,FakeCluster
4708,FakeCluster
4750,FakeCluster
4760,RealCluster
4766,FakeCluster
4769,FakeCluster
4793,FakeCluster
4808,FakeCluster
4821,FakeCluster
4822,FakeCluster
4823,FakeCluster
4830,FakeCluster
4831,FakeCluster
4833,FakeCluster
4864,RealCluster
4866,RealCluster
4867,RealCluster
4879,RealCluster
4889,FakeCluster
4890,FakeCluster
4930,RealCluster
4964,FakeCluster
4980,RealCluster
4988,FakeCluster
4992,FakeCluster
5014,RealCluster
5015,FakeCluster
5021,RealCluster
5029,RealCluster
5040,RealCluster
5075,RealCluster
5102,RealCluster
5103,RealCluster
5109,RealCluster
5115,RealCluster
5132,FakeCluster
5146,FakeCluster
5147,FakeCluster
5166,RealCluster
5199,FakeCluster
5204,FakeCluster
5223,RealCluster
5236,FakeCluster
5252,RealCluster
5274,RealCluster
5277,FakeCluster
5283,RealCluster
5292,RealCluster
5293,FakeCluster
5301,RealCluster
5314,RealCluster
5337,FakeCluster
5342,RealCluster
5360,RealCluster
5401,RealCluster
5423,RealCluster
5435,FakeCluster
5439,FakeCluster
5452,RealCluster
5453,RealCluster
5463,FakeCluster
5491,FakeCluster
5531,RealCluster
5552,FakeCluster
5554,FakeCluster
5579,FakeCluster
5583,RealCluster
5646,FakeCluster
5659,FakeCluster
5680,FakeCluster
5699,RealCluster
5707,RealCluster
5714,RealCluster
5719,FakeCluster
5731,RealCluster
5764,FakeCluster
5765,RealCluster
5771,RealCluster
5773,RealCluster
5812,FakeCluster
5821,FakeCluster
5822,RealCluster
5831,FakeCluster
5849,RealCluster
5858,RealCluster
5866,RealCluster
5867,FakeCluster
5881,FakeCluster
5906,RealCluster
5911,RealCluster
5916,RealCluster
5921,FakeCluster
5939,FakeCluster
5954,RealCluster
5963,RealCluster
5966,RealCluster
5980,RealCluster
5994,FakeCluster
5996,RealCluster
5999,FakeCluster
6003,FakeCluster
6039,RealCluster
6059,FakeCluster
6084,RealCluster
6094,FakeCluster
6111,RealCluster
6118,RealCluster
6134,FakeCluster
6145,FakeCluster
6163,RealCluster
6164,FakeCluster
6177,FakeCluster
6178,RealCluster
6179,RealCluster
6183,RealCluster
6186,RealCluster
6200,FakeCluster
6209,RealCluster
6210,RealCluster
6213,RealCluster
6221,FakeCluster
6280,RealCluster
6289,FakeCluster
6327,FakeCluster
6345,RealCluster
6349,FakeCluster
6354,RealCluster
6355,FakeCluster
6373,RealCluster
6401,RealCluster
6436,FakeCluster
6451,RealCluster
6452,RealCluster
6472,FakeCluster
6501,RealCluster
6503,FakeCluster
6516,RealCluster
6527,FakeCluster
6546,FakeCluster
6559,RealCluster
6568,FakeCluster
6570,FakeCluster
6576,RealCluster
6588,RealCluster
6600,RealCluster
6602,RealCluster
6641,RealCluster
6648,FakeCluster
6662,RealCluster
6680,FakeCluster
6693,FakeCluster
6696,RealCluster
6702,FakeCluster
6719,FakeCluster
6726,FakeCluster
6745,FakeCluster
6776,RealCluster
6783,FakeCluster
6792,RealCluster
6803,FakeCluster
6808,RealCluster
6815,RealCluster
6821,RealCluster
6853,RealCluster
6857,FakeCluster
6869,RealCluster
6874,RealCluster
6876,RealCluster
6888,FakeCluster
6901,FakeCluster
6919,RealCluster
6920,RealCluster
6937,RealCluster
6939,RealCluster
6946,FakeCluster
6949,RealCluster
6955,RealCluster
6961,FakeCluster
6962,FakeCluster
6965,RealCluster
6976,FakeCluster
6984,RealCluster
6987,RealCluster
7021,RealCluster
7024,RealCluster
7037,RealCluster
7047,FakeCluster
7048,RealCluster
7075,FakeCluster
7130,RealCluster
7137,FakeCluster
7159,FakeCluster
7167,FakeCluster
7178,RealCluster
7188,FakeCluster
7189,FakeCluster
7201,RealCluster
7202,RealCluster
7241,RealCluster
7242,RealCluster
7244,FakeCluster
7250,FakeCluster
7252,FakeCluster
7254,FakeCluster
7293,RealCluster
7294,FakeCluster
7313,FakeCluster
7317,FakeCluster
7321,FakeCluster
7322,RealCluster
7333,RealCluster
7335,FakeCluster
7337,RealCluster
7359,RealCluster
7364,FakeCluster
7373,RealCluster
7398,FakeCluster
7401,FakeCluster
7421,FakeCluster
7423,FakeCluster
7433,RealCluster
7456,FakeCluster
7475,FakeCluster
7477,FakeCluster
7480,RealCluster
7482,FakeCluster
7517,RealCluster
7549,FakeCluster
7555,FakeCluster
7564,RealCluster
7566,RealCluster
7578,FakeCluster
7585,FakeCluster
7672,FakeCluster
7709,RealCluster
7719,RealCluster
7731,FakeCluster
7732,RealCluster
7733,RealCluster
7739,RealCluster
7746,FakeCluster
7753,FakeCluster
7784,RealCluster
7811,FakeCluster
7813,FakeCluster
7845,RealCluster
7850,FakeCluster
7855,RealCluster
7859,FakeCluster
7874,RealCluster
7887,FakeCluster
7888,RealCluster
7889,RealCluster
7904,RealCluster
7916,RealCluster
7941,FakeCluster
7950,RealCluster
7962,RealCluster
7963,RealCluster
7964,FakeCluster
7970,RealCluster
7991,FakeCluster
8004,RealCluster
8006,FakeCluster
8010,RealCluster
8053,RealCluster
8054,FakeCluster
8069,RealCluster
8105,FakeCluster
8112,FakeCluster
8113,FakeCluster
8119,RealCluster
8121,RealCluster
8133,RealCluster
8135,RealCluster
8147,FakeCluster
8168,FakeCluster
8174,RealCluster
8198,RealCluster
8201,RealCluster
8218,FakeCluster
8265,RealCluster
8267,FakeCluster
8277,RealCluster
8280,FakeCluster
8293,FakeCluster
8294,RealCluster
8299,RealCluster
8309,RealCluster
8314,FakeCluster
8329,FakeCluster
8338,RealCluster
8339,FakeCluster
8343,RealCluster
8347,RealCluster
8362,RealCluster
8365,FakeCluster
8370,FakeCluster
8392,FakeCluster
8400,RealCluster
8413,FakeCluster
8426,RealCluster
8465,FakeCluster
8469,RealCluster
8501,FakeCluster
8508,FakeCluster
8530,RealCluster
8539,RealCluster
8546,RealCluster
8548,RealCluster
8593,RealCluster
8609,RealCluster
8632,FakeCluster
8644,FakeCluster
8646,RealCluster
8682,FakeCluster
8691,FakeCluster
8694,RealCluster
8715,FakeCluster
8717,RealCluster
8728,RealCluster
8742,FakeCluster
8769,FakeCluster
8783,RealCluster
8787,RealCluster
8793,FakeCluster
8823,RealCluster
8829,RealCluster
8844,FakeCluster
8848,FakeCluster
8850,FakeCluster
8858,FakeCluster
8868,RealCluster
8878,FakeCluster
8920,FakeCluster
8923,RealCluster
8934,RealCluster
8939,FakeCluster
8965,FakeCluster
8969,FakeCluster
8972,RealCluster
8997,RealCluster
8999,FakeCluster
9024,RealCluster
9025,RealCluster
9034,FakeCluster
9044,RealCluster
9050,RealCluster
9089,FakeCluster
9100,FakeCluster
9105,RealCluster
9116,FakeCluster
9134,RealCluster
9137,FakeCluster
9156,FakeCluster
9163,FakeCluster
9171,FakeCluster
9176,RealCluster
9178,FakeCluster
9196,FakeCluster
9208,FakeCluster
9215,RealCluster
9225,RealCluster
9241,FakeCluster
9255,FakeCluster
9309,RealCluster
9331,FakeCluster
9341,RealCluster
9350,RealCluster
9357,RealCluster
9358,FakeCluster
9368,FakeCluster
9378,FakeCluster
9433,RealCluster
9449,FakeCluster
9486,FakeCluster
9584,RealCluster
9588,FakeCluster
9593,RealCluster
9596,FakeCluster
9604,FakeCluster
9630,FakeCluster
9645,RealCluster
9679,FakeCluster
9680,RealCluster
9682,RealCluster
9683,FakeCluster
9712,FakeCluster
9714,RealCluster
9727,FakeCluster
9728,FakeCluster
9737,RealCluster
9740,FakeCluster
9742,RealCluster
9747,FakeCluster
9834,FakeCluster
9853,FakeCluster
9869,FakeCluster
9877,RealCluster
9888,RealCluster
9889,FakeCluster
9892,RealCluster
9895,RealCluster
9903,RealCluster
9905,FakeCluster
9912,FakeCluster
9932,RealCluster
9938,FakeCluster
9943,FakeCluster
9944,FakeCluster
9949,RealCluster
9968,RealCluster
9969,RealCluster
9992,FakeCluster
9993,FakeCluster
10105,FakeCluster
10110,FakeCluster
10117,FakeCluster
10118,RealCluster
10130,RealCluster
10141,FakeCluster
10161,RealCluster
10168,FakeCluster
10178,RealCluster
10181,RealCluster
10184,FakeCluster
10204,FakeCluster
10208,FakeCluster
10241,FakeCluster
10260,FakeCluster
10270,RealCluster
10271,RealCluster
10278,FakeCluster
10288,FakeCluster
10303,FakeCluster
10304,RealCluster
10311,RealCluster
10341,FakeCluster
10346,FakeCluster
10359,RealCluster
10364,FakeCluster
10368,RealCluster
10397,FakeCluster
10432,FakeCluster
10437,FakeCluster
10439,FakeCluster
10448,RealCluster
10449,RealCluster
10475,FakeCluster
10500,RealCluster
10501,FakeCluster
10544,RealCluster
10547,FakeCluster
10549,FakeCluster
10568,RealCluster
10571,RealCluster
10643,RealCluster
10661,FakeCluster
10686,RealCluster
10690,FakeCluster
10691,FakeCluster
10704,RealCluster
10726,FakeCluster
10736,FakeCluster
10737,RealCluster
10771,RealCluster
10774,RealCluster
10776,FakeCluster
10782,FakeCluster
10784,RealCluster
10800,FakeCluster
10825,FakeCluster
10837,FakeCluster
10850,RealCluster
10862,RealCluster
10874,RealCluster
10890,FakeCluster
10905,FakeCluster
10907,RealCluster
10922,RealCluster
10944,RealCluster
10952,FakeCluster
10968,RealCluster
10980,FakeCluster
11006,RealCluster
11019,RealCluster
11027,RealCluster
11030,FakeCluster
11040,FakeCluster
11045,FakeCluster
11046,FakeCluster
11080,RealCluster
11098,RealCluster
11116,FakeCluster
11132,FakeCluster
11146,RealCluster
11151,FakeCluster
11156,RealCluster
11162,RealCluster
11171,RealCluster
11178,FakeCluster
11217,FakeCluster
11225,RealCluster
11234,RealCluster
11259,FakeCluster
11262,FakeCluster
11266,FakeCluster
11296,RealCluster
11302,RealCluster
11305,FakeCluster
11313,FakeCluster
11328,FakeCluster
11331,RealCluster
11337,FakeCluster
11363,RealCluster
11381,FakeCluster
11388,FakeCluster
11391,RealCluster
11396,RealCluster
11407,FakeCluster
11424,RealCluster
11457,FakeCluster
11459,FakeCluster
11461,FakeCluster
11531,RealCluster
11571,RealCluster
11578,FakeCluster
11608,RealCluster
11616,FakeCluster
11623,FakeCluster
11642,RealCluster
11644,RealCluster
11659,RealCluster
11668,RealCluster
11671,FakeCluster
11676,FakeCluster
11682,RealCluster
11685,RealCluster
11707,RealCluster
11712,RealCluster
11726,RealCluster
11729,RealCluster
11750,RealCluster
11753,FakeCluster
11775,FakeCluster
11790,RealCluster
11804,FakeCluster
11807,RealCluster
11817,RealCluster
11818,FakeCluster
11843,FakeCluster
11859,RealCluster
11862,RealCluster
11868,RealCluster
11887,FakeCluster
11906,RealCluster
11927,FakeCluster
11940,RealCluster
11968,FakeCluster
11973,RealCluster
12003,RealCluster
12030,RealCluster
12075,FakeCluster
12091,RealCluster
12109,FakeCluster
12129,RealCluster
12144,FakeCluster
12146,FakeCluster
12147,RealCluster
12148,FakeCluster
12152,FakeCluster
12166,RealCluster
12178,RealCluster
12179,FakeCluster
12230,RealCluster
12252,FakeCluster
12257,FakeCluster
12259,RealCluster
12276,FakeCluster
12283,RealCluster
12287,FakeCluster
12330,RealCluster
12344,FakeCluster
12376,FakeCluster
12395,RealCluster
12428,RealCluster
12435,FakeCluster
12439,RealCluster
12442,RealCluster
12465,RealCluster
12490,RealCluster
12497,RealCluster
12516,FakeCluster
12537,RealCluster
12546,FakeCluster
12554,RealCluster
12568,FakeCluster
12570,RealCluster
12582,RealCluster
12589,RealCluster
12593,RealCluster
12595,FakeCluster
12607,RealCluster
12609,FakeCluster
12611,FakeCluster
12625,FakeCluster
12654,RealCluster
12660,RealCluster
12672,RealCluster
12675,RealCluster
12695,FakeCluster
12701,FakeCluster
12735,RealCluster
12739,FakeCluster
12816,FakeCluster
12827,RealCluster
12831,RealCluster
12860,RealCluster
12874,FakeCluster
12887,RealCluster
12888,RealCluster
12893,RealCluster
12895,FakeCluster
12901,FakeCluster
12906,RealCluster
12912,RealCluster
12943,FakeCluster
12956,RealCluster
12964,FakeCluster
12984,RealCluster
13003,RealCluster
13013,RealCluster
13036,RealCluster
13059,FakeCluster
13074,FakeCluster
13103,FakeCluster
13105,FakeCluster
13111,RealCluster
13120,FakeCluster
13133,FakeCluster
13136,RealCluster
13154,FakeCluster
13159,FakeCluster
13208,FakeCluster
13249,RealCluster
13263,RealCluster
13266,RealCluster
13317,RealCluster
13318,RealCluster
13335,FakeCluster
13336,RealCluster
13356,FakeCluster
13364,FakeCluster
13390,RealCluster
13391,RealCluster
13396,RealCluster
13412,FakeCluster
13422,RealCluster
13447,FakeCluster
13466,FakeCluster
13469,FakeCluster
13473,RealCluster
13522,RealCluster
13534,FakeCluster
13539,FakeCluster
13540,FakeCluster
13543,FakeCluster
13544,FakeCluster
13548,RealCluster
13567,FakeCluster
13576,RealCluster
13585,FakeCluster
13598,FakeCluster
13602,RealCluster
13621,FakeCluster
13635,FakeCluster
13648,RealCluster
13675,RealCluster
13690,FakeCluster
13715,RealCluster
13757,FakeCluster
13761,FakeCluster
13784,FakeCluster
13807,RealCluster
13812,FakeCluster
13817,FakeCluster
13823,RealCluster
13827,FakeCluster
13834,FakeCluster
13839,FakeCluster
13877,FakeCluster
13901,RealCluster
13918,FakeCluster
13919,FakeCluster
13925,RealCluster
13962,RealCluster
13965,RealCluster
13970,FakeCluster
13986,RealCluster
13989,FakeCluster
14004,RealCluster
14026,FakeCluster
14047,RealCluster
14051,FakeCluster
14061,RealCluster
14068,RealCluster
14091,RealCluster
14098,RealCluster
14118,FakeCluster
14122,RealCluster
14135,RealCluster
14158,FakeCluster
14183,RealCluster
14187,FakeCluster
14238,RealCluster
14276,RealCluster
14285,FakeCluster
14305,RealCluster
14315,FakeCluster
14369,FakeCluster
14374,FakeCluster
14394,FakeCluster
14403,FakeCluster
14404,RealCluster
14414,FakeCluster
14419,FakeCluster
14464,FakeCluster
14481,FakeCluster
14543,RealCluster
14551,RealCluster
14562,RealCluster
14586,FakeCluster
14622,RealCluster
14628,RealCluster
14674,FakeCluster
14683,RealCluster
14708,FakeCluster
14741,FakeCluster
14777,RealCluster
14781,FakeCluster
14806,RealCluster
14812,FakeCluster
14850,FakeCluster
14855,FakeCluster
14860,RealCluster
14883,RealCluster
14884,RealCluster
14898,FakeCluster
14913,FakeCluster
14925,FakeCluster
14937,FakeCluster
14938,FakeCluster
14945,RealCluster
14990,RealCluster
14993,RealCluster
15015,RealCluster
15026,FakeCluster
15067,FakeCluster
15070,RealCluster
15073,FakeCluster
15138,RealCluster
15139,RealCluster
15193,FakeCluster
15194,RealCluster
15195,FakeCluster
15196,FakeCluster
15204,FakeCluster
15217,FakeCluster
15219,FakeCluster
15220,FakeCluster
15242,FakeCluster
